Job Title,Role,Experience,Skill1,Skill2,Skill3,Skill4,Skill5,Skill6,Skill7,Skill8,Skill9,Skill10,Skill11,Skill12,Skill13,Skill14,Skill15,Skill16
Digital Marketing Specialist,Social Media Manager,7.5,Social media platforms,Facebook,Twitter,Instagram,Content creation and scheduling scheduling,Social media analytics and insights insights,Community engagement,Paid social advertising,,,,,,,,
Database Developer,NoSQL Database Engineer,4.0,NoSQL databases,MongoDB,Cassandra,Data modeling,Data migration,Performance tuning,Scalability,Distributed systems,,,,,,,,
Systems Administrator,Database Administrator,6.5,Database management systems,MySQL,Oracle,SQL,Server,Data security,Database tuning and optimization optimization,Backup and recovery recovery,,,,,,,,
Web Designer,Frontend Web Designer,4.5,Frontend web development,HTML/CSS,CSS,Responsive design,User interface,UI design,Adobe,Creative,Suite,Collaboration skills,,,,,,
Financial Advisor,Retirement Planner,8.0,Retirement planning,Social security,Investment products,Tax planning,Estate planning,,,,,,,,,,,
Finance Manager,Treasury Manager,7.0,Treasury management,Cash flow analysis,Risk management,Financial forecasting,Banking relations,,,,,,,,,,,
Network Engineer,Network Administrator,7.0,Network management,Troubleshooting,Network security,IT certifications,CCNA,,,,,,,,,,,
Digital Marketing Specialist,Social Media Manager,8.5,Social media platforms,Facebook,Twitter,Instagram,Content creation and scheduling scheduling,Social media analytics and insights insights,Community engagement,Paid social advertising,,,,,,,,
Marketing Analyst,Digital Marketing Analyst,4.5,Digital marketing strategies,Analytics and reporting reporting,SEO and SEM,SEM,Social media marketing,Email marketing,Data interpretation,Marketing automation tools,A/B,B testing,Communication skills,Problem - solving,Attention to detail,Marketing knowledge,,
Sales Manager,Regional Sales Director,6.0,Sales strategy development,Territory management,Sales team leadership,,,,,,,,,,,,,
Marketing Director,Digital Marketing Director,9.0,Digital marketing strategy,Marketing analytics,Team leadership,Content marketing,SEO and SEM,SEM proficiency,,,,,,,,,,
Systems Administrator,IT Support Specialist,6.0,Technical troubleshooting,Hardware and software software support,Customer service,Problem - solving,Communication,,,,,,,,,,,
Front-End Engineer,UI/UX Front-End Developer,6.5,UI/UX,UX design,Frontend web development,Wireframing and prototyping prototyping,User research,Accessibility standards,Responsive design,Collaboration skills,,,,,,,,
Network Security Specialist,Cybersecurity Analyst,8.5,Cybersecurity,Security assessments,Intrusion detection,Security tools,SIEM,Incident response,Vulnerability scanning,,,,,,,,,
Data Analyst,Business Intelligence Analyst,8.5,Data analysis and visualization visualization tools,Tableau,Power,BI,SQL and database database querying,Business intelligence concepts,Data modeling and reporting reporting,Strong analytical and problem problem - solving skills,Data - driven decision - making,,,,,,,
Database Developer,NoSQL Database Engineer,8.0,NoSQL databases,MongoDB,Cassandra,Data modeling,Data migration,Performance tuning,Scalability,Distributed systems,,,,,,,,
Systems Administrator,IT Support Specialist,8.5,Technical troubleshooting,Hardware and software software support,Customer service,Problem - solving,Communication,,,,,,,,,,,
Data Analyst,Data Scientist,5.5,Machine learning algorithms and libraries libraries   scikit - learn,TensorFlow,PyTorch,Statistical analysis and modeling modeling,Data preprocessing and cleaning cleaning,Big data technologies,Hadoop,Spark,Data visualization,Strong programming skills,Python,R,,,,
Accountant,Forensic Accountant,5.5,Forensic accounting,Fraud detection,Legal knowledge,Investigative skills,,,,,,,,,,,,
Digital Marketing Specialist,SEO Specialist,5.5,Search engine algorithms and ranking ranking factors,Keyword research and analysis analysis,On - page and off off - page,SEO optimization,SEO tools,Google,Analytics,SEMrush,SEO content strategy,,,,,,,
Market Research Analyst,Market Researcher,7.5,Market research methodologies,Data collection and analysis analysis,Industry knowledge,,,,,,,,,,,,,
Data Scientist,Data Engineer,7.0,Data integration,ETL,Extract,Transform,Load,Big data technologies,Hadoop,Spark,Database management,Data warehousing,,,,,,
Front-End Developer,Accessibility Developer,7.0,Web accessibility standards,WCAG,Assistive technologies,Accessibility testing tools,HTML and CSS,CSS for accessibility,ARIA,Accessible,Rich,Internet,Applications,User experience,UX for accessibility,Usability testing with individuals with disabilities,Collaboration,Attention to detail
Java Developer,Java Software Engineer,5.5,Java programming,Java frameworks,Spring,Object - oriented design,Code debugging,Software development,Problem - solving skills,,,,,,,,,
Data Analyst,Data Scientist,8.0,Machine learning algorithms and libraries libraries   scikit - learn,TensorFlow,PyTorch,Statistical analysis and modeling modeling,Data preprocessing and cleaning cleaning,Big data technologies,Hadoop,Spark,Data visualization,Strong programming skills,Python,R,,,,
Marketing Director,Marketing Communications Director,6.0,Marketing communication,Public relations,Content strategy,Crisis management,Media relations,,,,,,,,,,,
Systems Administrator,Database Administrator,8.0,Database management systems,MySQL,Oracle,SQL,Server,Data security,Database tuning and optimization optimization,Backup and recovery recovery,,,,,,,,
Database Developer,SQL Database Developer,8.0,SQL,Structured,Query,Language,Database design,Query optimization,Data modeling,Database maintenance,Problem - solving skills,,,,,,,
Network Engineer,Network Administrator,8.5,Network management,Troubleshooting,Network security,IT certifications,CCNA,,,,,,,,,,,
Sales Manager,Sales Team Leader,9.0,Sales leadership,Team management,Sales strategy and planning planning,,,,,,,,,,,,,
Marketing Analyst,Data Analyst,8.5,Data analysis tools,SQL,Python,Data visualization tools,Tableau,Power,BI,Statistical analysis,Data cleansing and transformation transformation,Data modeling,Communication of data insights,Problem - solving,Attention to detail,Business acumen,,
Data Analyst,Business Intelligence Analyst,10.0,Data analysis and visualization visualization tools,Tableau,Power,BI,SQL and database database querying,Business intelligence concepts,Data modeling and reporting reporting,Strong analytical and problem problem - solving skills,Data - driven decision - making,,,,,,,
Architect,Sustainable Design Specialist,9.5,Sustainable design principles,Energy efficiency,LEED certification,Green building materials,Environmental impact assessment,,,,,,,,,,,
Digital Marketing Specialist,SEO Specialist,8.0,Search engine algorithms and ranking ranking factors,Keyword research and analysis analysis,On - page and off off - page,SEO optimization,SEO tools,Google,Analytics,SEMrush,SEO content strategy,,,,,,,
Financial Advisor,Retirement Planner,6.0,Retirement planning,Social security,Investment products,Tax planning,Estate planning,,,,,,,,,,,
Systems Administrator,Database Administrator,6.0,Database management systems,MySQL,Oracle,SQL,Server,Data security,Database tuning and optimization optimization,Backup and recovery recovery,,,,,,,,
UX Researcher,UX Strategist,9.0,User experience strategy,User journey mapping,Design thinking,,,,,,,,,,,,,
Data Analyst,Data Scientist,7.5,Machine learning algorithms and libraries libraries   scikit - learn,TensorFlow,PyTorch,Statistical analysis and modeling modeling,Data preprocessing and cleaning cleaning,Big data technologies,Hadoop,Spark,Data visualization,Strong programming skills,Python,R,,,,
Database Administrator,Database Security Specialist,9.0,Database security measures,Data encryption and access access control,Security compliance,Vulnerability assessment,Database auditing and monitoring monitoring,,,,,,,,,,,
Systems Administrator,Database Administrator,9.0,Database management systems,MySQL,Oracle,SQL,Server,Data security,Database tuning and optimization optimization,Backup and recovery recovery,,,,,,,,
Data Analyst,Data Quality Analyst,5.5,Data quality assessment and improvement improvement,Data profiling and validation validation,Knowledge of data quality tools,Informatica,Talend,Data governance principles,SQL for data analysis,Attention to detail and data data accuracy,,,,,,,,
Network Engineer,Network Administrator,8.0,Network management,Troubleshooting,Network security,IT certifications,CCNA,,,,,,,,,,,
Front-End Developer,UI/UX Developer,5.5,User interface,UI design,User experience,UX design,Web design principles,Prototyping and wireframing wireframing,Front - end development languages,HTML,CSS,JavaScript,Interaction design,User testing,Responsive design,Usability testing,Collaboration,Attention to detail
Systems Administrator,Database Administrator,7.0,Database management systems,MySQL,Oracle,SQL,Server,Data security,Database tuning and optimization optimization,Backup and recovery recovery,,,,,,,,
Java Developer,Java Web Application Developer,6.5,Web application development,Java web frameworks,Servlets,JSP,Frontend integration,User authentication,Security protocols,Code documentation,,,,,,,,
Java Developer,Java Backend Developer,7.5,Backend development,RESTful,APIs,Database integration,Java,EE,Enterprise,Edition,Performance optimization,Version control,Git,,,,,
Digital Marketing Specialist,Social Media Manager,7.5,Social media platforms,Facebook,Twitter,Instagram,Content creation and scheduling scheduling,Social media analytics and insights insights,Community engagement,Paid social advertising,,,,,,,,
Network Administrator,Network Security Analyst,9.5,Network security protocols,Intrusion detection and prevention prevention,Security incident response,Firewall administration,Vulnerability assessment,Security policies and procedures procedures,Log analysis,Ethical hacking,Problem - solving,Communication skills,Attention to detail,,,,,
UX Researcher,Usability Analyst,6.0,Usability evaluation,User interface assessment,Usability testing tools and techniques techniques,,,,,,,,,,,,,
Digital Marketing Specialist,Social Media Manager,9.0,Social media platforms,Facebook,Twitter,Instagram,Content creation and scheduling scheduling,Social media analytics and insights insights,Community engagement,Paid social advertising,,,,,,,,
Financial Advisor,Retirement Planner,7.0,Retirement planning,Social security,Investment products,Tax planning,Estate planning,,,,,,,,,,,
Back-End Developer,Server Developer,8.0,Server - side programming languages,Java,Python,Database management,API development,,,,,,,,,,,
Finance Manager,Accounting Manager,7.0,Accounting principles,Financial reporting,Team management,Budgeting,Financial analysis,,,,,,,,,,,
Graphic Designer,Print Graphic Designer,7.0,Print design software,Adobe,InDesign,Illustrator,Layout and composition composition,Print production processes,Color theory and management management,Attention to detail,Print industry knowledge,,,,,,,
Database Administrator,Database Developer,9.0,Database design and development development,SQL and database database querying,Data modeling,Programming languages,Java,Python,Data security and privacy privacy regulations knowledge,,,,,,,,,
Database Administrator,Database Developer,7.5,Database design and development development,SQL and database database querying,Data modeling,Programming languages,Java,Python,Data security and privacy privacy regulations knowledge,,,,,,,,,
Front-End Developer,UI/UX Developer,6.0,User interface,UI design,User experience,UX design,Web design principles,Prototyping and wireframing wireframing,Front - end development languages,HTML,CSS,JavaScript,Interaction design,User testing,Responsive design,Usability testing,Collaboration,Attention to detail
UX Researcher,User Researcher,8.5,User research methods,Usability testing,Data analysis and interpretation interpretation,,,,,,,,,,,,,
Network Engineer,Network Administrator,8.0,Network management,Troubleshooting,Network security,IT certifications,CCNA,,,,,,,,,,,
Web Developer,Full-Stack Developer,7.0,Frontend and backend backend development,Database integration,Problem - solving,API knowledge,,,,,,,,,,,,
Systems Administrator,IT Support Specialist,6.5,Technical troubleshooting,Hardware and software software support,Customer service,Problem - solving,Communication,,,,,,,,,,,
Marketing Analyst,Data Analyst,5.0,Data analysis tools,SQL,Python,Data visualization tools,Tableau,Power,BI,Statistical analysis,Data cleansing and transformation transformation,Data modeling,Communication of data insights,Problem - solving,Attention to detail,Business acumen,,
Marketing Analyst,Data Analyst,8.5,Data analysis tools,SQL,Python,Data visualization tools,Tableau,Power,BI,Statistical analysis,Data cleansing and transformation transformation,Data modeling,Communication of data insights,Problem - solving,Attention to detail,Business acumen,,
Financial Advisor,Retirement Planner,5.0,Retirement planning,Social security,Investment products,Tax planning,Estate planning,,,,,,,,,,,
Web Designer,E-commerce Web Designer,5.5,E - commerce web design,UX/UI,UI design,Shopping cart integration,Payment gateway integration,Mobile responsiveness,E - commerce platforms,Shopify,,,,,,,,
Java Developer,Java Software Engineer,9.0,Java programming,Java frameworks,Spring,Object - oriented design,Code debugging,Software development,Problem - solving skills,,,,,,,,,
Financial Advisor,Retirement Planner,9.0,Retirement planning,Social security,Investment products,Tax planning,Estate planning,,,,,,,,,,,
Marketing Analyst,Data Analyst,5.5,Data analysis tools,SQL,Python,Data visualization tools,Tableau,Power,BI,Statistical analysis,Data cleansing and transformation transformation,Data modeling,Communication of data insights,Problem - solving,Attention to detail,Business acumen,,
Finance Manager,Accounting Manager,6.0,Accounting principles,Financial reporting,Team management,Budgeting,Financial analysis,,,,,,,,,,,
UX Researcher,UX Strategist,8.5,User experience strategy,User journey mapping,Design thinking,,,,,,,,,,,,,
Web Developer,Frontend Web Developer,5.5,"HTML ,","CSS ,",JavaScript,Frontend frameworks,React,Angular,User experience,UX,,,,,,,,
Digital Marketing Specialist,SEO Specialist,9.0,Search engine algorithms and ranking ranking factors,Keyword research and analysis analysis,On - page and off off - page,SEO optimization,SEO tools,Google,Analytics,SEMrush,SEO content strategy,,,,,,,
Java Developer,Java Software Engineer,6.0,Java programming,Java frameworks,Spring,Object - oriented design,Code debugging,Software development,Problem - solving skills,,,,,,,,,
Sales Manager,Key Account Manager,9.0,Key account management,Relationship building,Sales negotiation,,,,,,,,,,,,,
Digital Marketing Specialist,SEO Specialist,4.5,Search engine algorithms and ranking ranking factors,Keyword research and analysis analysis,On - page and off off - page,SEO optimization,SEO tools,Google,Analytics,SEMrush,SEO content strategy,,,,,,,
Database Administrator,Database Developer,5.5,Database design and development development,SQL and database database querying,Data modeling,Programming languages,Java,Python,Data security and privacy privacy regulations knowledge,,,,,,,,,
Accountant,Tax Accountant,6.5,Tax preparation,Tax planning,Tax regulations,Accounting,Tax software proficiency,,,,,,,,,,,
Market Analyst,Competitive Intelligence Analyst,5.0,Competitive analysis,Market research,Data analysis,Business strategy,Industry knowledge,,,,,,,,,,,
Network Engineer,Network Security Engineer,6.5,Network security protocols and technologies technologies,Firewalls and intrusion intrusion detection systems,Vulnerability assessment and penetration penetration testing,Security policy development and enforcement enforcement,Incident response and recovery recovery,,,,,,,,,,,
Finance Manager,Accounting Manager,6.0,Accounting principles,Financial reporting,Team management,Budgeting,Financial analysis,,,,,,,,,,,
Network Engineer,Network Administrator,6.0,Network management,Troubleshooting,Network security,IT certifications,CCNA,,,,,,,,,,,
Data Analyst,Business Intelligence Analyst,8.5,Data analysis and visualization visualization tools,Tableau,Power,BI,SQL and database database querying,Business intelligence concepts,Data modeling and reporting reporting,Strong analytical and problem problem - solving skills,Data - driven decision - making,,,,,,,
Architect,Architectural Designer,5.0,Architectural design software,AutoCAD,Revit,Building codes and regulations regulations 3D modeling,Visualization,Sustainable design,,,,,,,,,,
Financial Analyst,Investment Analyst,6.5,Financial analysis,Investment evaluation,Portfolio management,Data analysis,,,,,,,,,,,,
Network Engineer,Network Administrator,7.5,Network management,Troubleshooting,Network security,IT certifications,CCNA,,,,,,,,,,,
Systems Administrator,Database Administrator,5.5,Database management systems,MySQL,Oracle,SQL,Server,Data security,Database tuning and optimization optimization,Backup and recovery recovery,,,,,,,,
Marketing Analyst,Digital Marketing Analyst,6.5,Digital marketing strategies,Analytics and reporting reporting,SEO and SEM,SEM,Social media marketing,Email marketing,Data interpretation,Marketing automation tools,A/B,B testing,Communication skills,Problem - solving,Attention to detail,Marketing knowledge,,
Finance Manager,Accounting Manager,6.5,Accounting principles,Financial reporting,Team management,Budgeting,Financial analysis,,,,,,,,,,,
Web Designer,E-commerce Web Designer,8.0,E - commerce web design,UX/UI,UI design,Shopping cart integration,Payment gateway integration,Mobile responsiveness,E - commerce platforms,Shopify,,,,,,,,
Database Administrator,Database Developer,7.5,Database design and development development,SQL and database database querying,Data modeling,Programming languages,Java,Python,Data security and privacy privacy regulations knowledge,,,,,,,,,
Sales Manager,Key Account Manager,4.0,Key account management,Relationship building,Sales negotiation,,,,,,,,,,,,,
Database Developer,NoSQL Database Engineer,4.5,NoSQL databases,MongoDB,Cassandra,Data modeling,Data migration,Performance tuning,Scalability,Distributed systems,,,,,,,,
Marketing Analyst,Data Analyst,8.5,Data analysis tools,SQL,Python,Data visualization tools,Tableau,Power,BI,Statistical analysis,Data cleansing and transformation transformation,Data modeling,Communication of data insights,Problem - solving,Attention to detail,Business acumen,,
Market Research Analyst,Market Researcher,4.0,Market research methodologies,Data collection and analysis analysis,Industry knowledge,,,,,,,,,,,,,
Back-End Developer,API Developer,9.0,API design and development development,RESTful,API knowledge,Security protocols,OAuth,JWT,,,,,,,,,,
Network Engineer,Network Security Engineer,7.5,Network security protocols and technologies technologies,Firewalls and intrusion intrusion detection systems,Vulnerability assessment and penetration penetration testing,Security policy development and enforcement enforcement,Incident response and recovery recovery,,,,,,,,,,,
Network Engineer,Wireless Network Engineer,7.5,Wireless network design and architecture architecture,Wi -,Fi standards and protocols protocols,RF,Radio,Frequency planning and optimization optimization,Wireless security protocols,Troubleshooting wireless network issues,,,,,,,,
UX Researcher,UX Strategist,5.5,User experience strategy,User journey mapping,Design thinking,,,,,,,,,,,,,
Accountant,Financial Accountant,6.0,Financial reporting,Accounting software,QuickBooks,Auditing,GAAP knowledge,,,,,,,,,,,
Accountant,Financial Accountant,6.5,Financial reporting,Accounting software,QuickBooks,Auditing,GAAP knowledge,,,,,,,,,,,
Marketing Analyst,Data Analyst,5.0,Data analysis tools,SQL,Python,Data visualization tools,Tableau,Power,BI,Statistical analysis,Data cleansing and transformation transformation,Data modeling,Communication of data insights,Problem - solving,Attention to detail,Business acumen,,
Front-End Engineer,JavaScript Developer,7.5,JavaScript programming,Frontend development,Frontend frameworks,React,Angular,DOM manipulation,AJAX,Debugging and troubleshooting troubleshooting,,,,,,,,
Data Scientist,Machine Learning Engineer,9.5,Machine learning algorithms,Python programming,Data preprocessing,Deep learning,Model evaluation,,,,,,,,,,,
Graphic Designer,Web Graphic Designer,6.0,Graphic design tools,Adobe,Creative,Suite,Web design principles,User interface,UI design,Visual communication,Typography,Creativity and artistic artistic skills,,,,,,
Data Analyst,Business Intelligence Analyst,6.5,Data analysis and visualization visualization tools,Tableau,Power,BI,SQL and database database querying,Business intelligence concepts,Data modeling and reporting reporting,Strong analytical and problem problem - solving skills,Data - driven decision - making,,,,,,,
Financial Advisor,Wealth Management Advisor,7.0,Wealth management strategies,Asset allocation,Estate planning,Tax management,Client relationship management,,,,,,,,,,,
Digital Marketing Specialist,SEO Specialist,8.5,Search engine algorithms and ranking ranking factors,Keyword research and analysis analysis,On - page and off off - page,SEO optimization,SEO tools,Google,Analytics,SEMrush,SEO content strategy,,,,,,,
Digital Marketing Specialist,Email Marketing Specialist,6.5,Email marketing platforms,Mailchimp,Constant,Contact,Email campaign creation and segmentation segmentation,A/B,B testing and optimization optimization,Email deliverability and compliance compliance,Metrics tracking and analysis analysis,,,,,,,
Web Developer,Frontend Web Developer,8.0,"HTML ,","CSS ,",JavaScript,Frontend frameworks,React,Angular,User experience,UX,,,,,,,,
Web Developer,Full-Stack Developer,8.0,Frontend and backend backend development,Database integration,Problem - solving,API knowledge,,,,,,,,,,,,
Network Engineer,Network Administrator,6.0,Network management,Troubleshooting,Network security,IT certifications,CCNA,,,,,,,,,,,
Network Administrator,Network Security Analyst,7.5,Network security protocols,Intrusion detection and prevention prevention,Security incident response,Firewall administration,Vulnerability assessment,Security policies and procedures procedures,Log analysis,Ethical hacking,Problem - solving,Communication skills,Attention to detail,,,,,
Graphic Designer,UI/UX Designer,5.0,User interface,UI design,User experience,UX design,Wireframing and prototyping prototyping tools,Sketch,Figma,Usability testing,Information architecture,Interaction design,Mobile and responsive responsive design,,,,,
Database Administrator,Database Security Specialist,8.0,Database security measures,Data encryption and access access control,Security compliance,Vulnerability assessment,Database auditing and monitoring monitoring,,,,,,,,,,,
Network Administrator,Network Security Analyst,7.0,Network security protocols,Intrusion detection and prevention prevention,Security incident response,Firewall administration,Vulnerability assessment,Security policies and procedures procedures,Log analysis,Ethical hacking,Problem - solving,Communication skills,Attention to detail,,,,,
Sales Manager,Key Account Manager,8.5,Key account management,Relationship building,Sales negotiation,,,,,,,,,,,,,
Database Administrator,Database Security Specialist,7.5,Database security measures,Data encryption and access access control,Security compliance,Vulnerability assessment,Database auditing and monitoring monitoring,,,,,,,,,,,
Java Developer,Java Web Application Developer,5.5,Web application development,Java web frameworks,Servlets,JSP,Frontend integration,User authentication,Security protocols,Code documentation,,,,,,,,
Network Administrator,Systems Administrator,8.0,System administration,Server maintenance,Active,Directory,Backup and recovery recovery,Cloud computing,AWS,Azure,Troubleshooting,IT security best practices,Collaboration,Problem - solving,Attention to detail,Communication skills,Technical knowledge,
Financial Analyst,Investment Analyst,6.0,Financial analysis,Investment evaluation,Portfolio management,Data analysis,,,,,,,,,,,,
Database Administrator,Database Security Specialist,6.5,Database security measures,Data encryption and access access control,Security compliance,Vulnerability assessment,Database auditing and monitoring monitoring,,,,,,,,,,,
Systems Administrator,IT Support Specialist,9.0,Technical troubleshooting,Hardware and software software support,Customer service,Problem - solving,Communication,,,,,,,,,,,
Front-End Developer,UI/UX Developer,9.0,User interface,UI design,User experience,UX design,Web design principles,Prototyping and wireframing wireframing,Front - end development languages,HTML,CSS,JavaScript,Interaction design,User testing,Responsive design,Usability testing,Collaboration,Attention to detail
Back-End Developer,API Developer,5.0,API design and development development,RESTful,API knowledge,Security protocols,OAuth,JWT,,,,,,,,,,
Web Designer,E-commerce Web Designer,7.0,E - commerce web design,UX/UI,UI design,Shopping cart integration,Payment gateway integration,Mobile responsiveness,E - commerce platforms,Shopify,,,,,,,,
Finance Manager,Accounting Manager,7.5,Accounting principles,Financial reporting,Team management,Budgeting,Financial analysis,,,,,,,,,,,
Network Security Specialist,Security Operations Center (SOC) Analyst,7.5,SOC operations,Security incident response,Threat detection,Log analysis,Security tools,IDS/IPS,IPS,Security alerts triage,,,,,,,,
Systems Administrator,IT Support Specialist,5.0,Technical troubleshooting,Hardware and software software support,Customer service,Problem - solving,Communication,,,,,,,,,,,
Data Scientist,Machine Learning Engineer,6.5,Machine learning algorithms,Python programming,Data preprocessing,Deep learning,Model evaluation,,,,,,,,,,,
Data Scientist,Machine Learning Engineer,7.5,Machine learning algorithms,Python programming,Data preprocessing,Deep learning,Model evaluation,,,,,,,,,,,
Web Designer,Frontend Web Designer,8.5,Frontend web development,HTML/CSS,CSS,Responsive design,User interface,UI design,Adobe,Creative,Suite,Collaboration skills,,,,,,
Database Administrator,Database Analyst,6.0,Data analysis,Database querying and reporting reporting,Data visualization,SQL proficiency,Data quality assurance,,,,,,,,,,,
Systems Administrator,Database Administrator,6.5,Database management systems,MySQL,Oracle,SQL,Server,Data security,Database tuning and optimization optimization,Backup and recovery recovery,,,,,,,,
Network Administrator,Network Security Analyst,7.0,Network security protocols,Intrusion detection and prevention prevention,Security incident response,Firewall administration,Vulnerability assessment,Security policies and procedures procedures,Log analysis,Ethical hacking,Problem - solving,Communication skills,Attention to detail,,,,,
Market Research Analyst,Market Researcher,6.5,Market research methodologies,Data collection and analysis analysis,Industry knowledge,,,,,,,,,,,,,
Financial Advisor,Retirement Planner,6.5,Retirement planning,Social security,Investment products,Tax planning,Estate planning,,,,,,,,,,,
Finance Manager,Accounting Manager,7.5,Accounting principles,Financial reporting,Team management,Budgeting,Financial analysis,,,,,,,,,,,
Digital Marketing Specialist,Social Media Manager,6.5,Social media platforms,Facebook,Twitter,Instagram,Content creation and scheduling scheduling,Social media analytics and insights insights,Community engagement,Paid social advertising,,,,,,,,
Network Engineer,Network Administrator,7.5,Network management,Troubleshooting,Network security,IT certifications,CCNA,,,,,,,,,,,
Systems Administrator,IT Support Specialist,9.0,Technical troubleshooting,Hardware and software software support,Customer service,Problem - solving,Communication,,,,,,,,,,,
Market Research Analyst,Market Research Coordinator,6.5,Market research coordination,Survey design and administration administration,Data analysis,,,,,,,,,,,,,
Data Scientist,Data Engineer,6.0,Data integration,ETL,Extract,Transform,Load,Big data technologies,Hadoop,Spark,Database management,Data warehousing,,,,,,
Market Research Analyst,Market Researcher,8.0,Market research methodologies,Data collection and analysis analysis,Industry knowledge,,,,,,,,,,,,,
Java Developer,Java Software Engineer,4.5,Java programming,Java frameworks,Spring,Object - oriented design,Code debugging,Software development,Problem - solving skills,,,,,,,,,
UX Researcher,UX Strategist,5.0,User experience strategy,User journey mapping,Design thinking,,,,,,,,,,,,,
Financial Advisor,Investment Advisor,8.5,Investment strategies,Portfolio management,Financial planning,Risk assessment,Regulatory compliance,,,,,,,,,,,
Back-End Developer,Server Developer,9.5,Server - side programming languages,Java,Python,Database management,API development,,,,,,,,,,,
Back-End Developer,Server Developer,6.0,Server - side programming languages,Java,Python,Database management,API development,,,,,,,,,,,
Marketing Analyst,Data Analyst,7.5,Data analysis tools,SQL,Python,Data visualization tools,Tableau,Power,BI,Statistical analysis,Data cleansing and transformation transformation,Data modeling,Communication of data insights,Problem - solving,Attention to detail,Business acumen,,
Java Developer,Java Backend Developer,7.0,Backend development,RESTful,APIs,Database integration,Java,EE,Enterprise,Edition,Performance optimization,Version control,Git,,,,,
Back-End Developer,API Developer,8.0,API design and development development,RESTful,API knowledge,Security protocols,OAuth,JWT,,,,,,,,,,
Digital Marketing Specialist,Social Media Manager,8.5,Social media platforms,Facebook,Twitter,Instagram,Content creation and scheduling scheduling,Social media analytics and insights insights,Community engagement,Paid social advertising,,,,,,,,
Marketing Director,Brand Director,5.5,Brand strategy,Brand development,Creative direction,Brand management,Market research,,,,,,,,,,,
Network Engineer,Network Administrator,7.0,Network management,Troubleshooting,Network security,IT certifications,CCNA,,,,,,,,,,,
Graphic Designer,Web Graphic Designer,7.0,Graphic design tools,Adobe,Creative,Suite,Web design principles,User interface,UI design,Visual communication,Typography,Creativity and artistic artistic skills,,,,,,
Data Scientist,Data Engineer,9.0,Data integration,ETL,Extract,Transform,Load,Big data technologies,Hadoop,Spark,Database management,Data warehousing,,,,,,
Accountant,Tax Accountant,7.5,Tax preparation,Tax planning,Tax regulations,Accounting,Tax software proficiency,,,,,,,,,,,
Market Analyst,Competitive Intelligence Analyst,9.0,Competitive analysis,Market research,Data analysis,Business strategy,Industry knowledge,,,,,,,,,,,
Data Analyst,Data Scientist,8.0,Machine learning algorithms and libraries libraries   scikit - learn,TensorFlow,PyTorch,Statistical analysis and modeling modeling,Data preprocessing and cleaning cleaning,Big data technologies,Hadoop,Spark,Data visualization,Strong programming skills,Python,R,,,,
Network Administrator,Network Engineer,8.0,Network infrastructure design,Routing and switching switching,Network protocols,TCP/IP,IP,Cisco or,Juniper certifications,Troubleshooting and diagnostics diagnostics,Security protocols,Wireless networking,Network monitoring,Collaboration,Problem - solving,Attention to detail,,
Data Analyst,Data Scientist,5.5,Machine learning algorithms and libraries libraries   scikit - learn,TensorFlow,PyTorch,Statistical analysis and modeling modeling,Data preprocessing and cleaning cleaning,Big data technologies,Hadoop,Spark,Data visualization,Strong programming skills,Python,R,,,,
Marketing Director,Brand Director,7.5,Brand strategy,Brand development,Creative direction,Brand management,Market research,,,,,,,,,,,
Network Engineer,Network Administrator,7.0,Network management,Troubleshooting,Network security,IT certifications,CCNA,,,,,,,,,,,
Network Engineer,Wireless Network Engineer,8.5,Wireless network design and architecture architecture,Wi -,Fi standards and protocols protocols,RF,Radio,Frequency planning and optimization optimization,Wireless security protocols,Troubleshooting wireless network issues,,,,,,,,
Network Engineer,Network Security Engineer,8.0,Network security protocols and technologies technologies,Firewalls and intrusion intrusion detection systems,Vulnerability assessment and penetration penetration testing,Security policy development and enforcement enforcement,Incident response and recovery recovery,,,,,,,,,,,
Digital Marketing Specialist,SEO Specialist,5.5,Search engine algorithms and ranking ranking factors,Keyword research and analysis analysis,On - page and off off - page,SEO optimization,SEO tools,Google,Analytics,SEMrush,SEO content strategy,,,,,,,
Database Developer,NoSQL Database Engineer,6.0,NoSQL databases,MongoDB,Cassandra,Data modeling,Data migration,Performance tuning,Scalability,Distributed systems,,,,,,,,
Digital Marketing Specialist,Social Media Manager,9.5,Social media platforms,Facebook,Twitter,Instagram,Content creation and scheduling scheduling,Social media analytics and insights insights,Community engagement,Paid social advertising,,,,,,,,
Financial Advisor,Retirement Planner,8.0,Retirement planning,Social security,Investment products,Tax planning,Estate planning,,,,,,,,,,,
Financial Advisor,Investment Advisor,7.5,Investment strategies,Portfolio management,Financial planning,Risk assessment,Regulatory compliance,,,,,,,,,,,
Digital Marketing Specialist,Social Media Manager,5.0,Social media platforms,Facebook,Twitter,Instagram,Content creation and scheduling scheduling,Social media analytics and insights insights,Community engagement,Paid social advertising,,,,,,,,
Network Engineer,Network Administrator,10.0,Network management,Troubleshooting,Network security,IT certifications,CCNA,,,,,,,,,,,
Marketing Analyst,Data Analyst,5.0,Data analysis tools,SQL,Python,Data visualization tools,Tableau,Power,BI,Statistical analysis,Data cleansing and transformation transformation,Data modeling,Communication of data insights,Problem - solving,Attention to detail,Business acumen,,
Systems Administrator,Database Administrator,7.5,Database management systems,MySQL,Oracle,SQL,Server,Data security,Database tuning and optimization optimization,Backup and recovery recovery,,,,,,,,
Marketing Analyst,Data Analyst,9.5,Data analysis tools,SQL,Python,Data visualization tools,Tableau,Power,BI,Statistical analysis,Data cleansing and transformation transformation,Data modeling,Communication of data insights,Problem - solving,Attention to detail,Business acumen,,
Web Developer,Backend Web Developer,7.5,Server - side programming,Node.js,Python,Database management,SQL,MongoDB,,,,,,,,,,
Network Engineer,Network Administrator,9.0,Network management,Troubleshooting,Network security,IT certifications,CCNA,,,,,,,,,,,
Digital Marketing Specialist,SEO Specialist,8.0,Search engine algorithms and ranking ranking factors,Keyword research and analysis analysis,On - page and off off - page,SEO optimization,SEO tools,Google,Analytics,SEMrush,SEO content strategy,,,,,,,
Systems Administrator,Database Administrator,8.0,Database management systems,MySQL,Oracle,SQL,Server,Data security,Database tuning and optimization optimization,Backup and recovery recovery,,,,,,,,
Data Analyst,Business Intelligence Analyst,7.0,Data analysis and visualization visualization tools,Tableau,Power,BI,SQL and database database querying,Business intelligence concepts,Data modeling and reporting reporting,Strong analytical and problem problem - solving skills,Data - driven decision - making,,,,,,,
Network Administrator,Network Security Analyst,8.0,Network security protocols,Intrusion detection and prevention prevention,Security incident response,Firewall administration,Vulnerability assessment,Security policies and procedures procedures,Log analysis,Ethical hacking,Problem - solving,Communication skills,Attention to detail,,,,,
Digital Marketing Specialist,Social Media Manager,7.5,Social media platforms,Facebook,Twitter,Instagram,Content creation and scheduling scheduling,Social media analytics and insights insights,Community engagement,Paid social advertising,,,,,,,,
Systems Administrator,IT Support Specialist,7.5,Technical troubleshooting,Hardware and software software support,Customer service,Problem - solving,Communication,,,,,,,,,,,
Market Research Analyst,Market Researcher,7.5,Market research methodologies,Data collection and analysis analysis,Industry knowledge,,,,,,,,,,,,,
Architect,Sustainable Design Specialist,5.5,Sustainable design principles,Energy efficiency,LEED certification,Green building materials,Environmental impact assessment,,,,,,,,,,,
UX Researcher,User Researcher,7.5,User research methods,Usability testing,Data analysis and interpretation interpretation,,,,,,,,,,,,,
Finance Manager,Accounting Manager,8.0,Accounting principles,Financial reporting,Team management,Budgeting,Financial analysis,,,,,,,,,,,
Digital Marketing Specialist,Email Marketing Specialist,5.0,Email marketing platforms,Mailchimp,Constant,Contact,Email campaign creation and segmentation segmentation,A/B,B testing and optimization optimization,Email deliverability and compliance compliance,Metrics tracking and analysis analysis,,,,,,,
Database Administrator,Database Developer,4.0,Database design and development development,SQL and database database querying,Data modeling,Programming languages,Java,Python,Data security and privacy privacy regulations knowledge,,,,,,,,,
Marketing Analyst,Digital Marketing Analyst,5.0,Digital marketing strategies,Analytics and reporting reporting,SEO and SEM,SEM,Social media marketing,Email marketing,Data interpretation,Marketing automation tools,A/B,B testing,Communication skills,Problem - solving,Attention to detail,Marketing knowledge,,
Market Research Analyst,Market Researcher,6.0,Market research methodologies,Data collection and analysis analysis,Industry knowledge,,,,,,,,,,,,,
Web Designer,Frontend Web Designer,6.5,Frontend web development,HTML/CSS,CSS,Responsive design,User interface,UI design,Adobe,Creative,Suite,Collaboration skills,,,,,,
Data Analyst,Business Intelligence Analyst,7.0,Data analysis and visualization visualization tools,Tableau,Power,BI,SQL and database database querying,Business intelligence concepts,Data modeling and reporting reporting,Strong analytical and problem problem - solving skills,Data - driven decision - making,,,,,,,
Digital Marketing Specialist,Social Media Manager,7.0,Social media platforms,Facebook,Twitter,Instagram,Content creation and scheduling scheduling,Social media analytics and insights insights,Community engagement,Paid social advertising,,,,,,,,
Graphic Designer,UI/UX Designer,8.0,User interface,UI design,User experience,UX design,Wireframing and prototyping prototyping tools,Sketch,Figma,Usability testing,Information architecture,Interaction design,Mobile and responsive responsive design,,,,,
Data Analyst,Data Quality Analyst,6.5,Data quality assessment and improvement improvement,Data profiling and validation validation,Knowledge of data quality tools,Informatica,Talend,Data governance principles,SQL for data analysis,Attention to detail and data data accuracy,,,,,,,,
Marketing Director,Brand Director,7.5,Brand strategy,Brand development,Creative direction,Brand management,Market research,,,,,,,,,,,
Network Security Specialist,Security Consultant,8.5,Security consulting,Risk assessment,Security audits,Security policy development,Penetration testing,Client communication,,,,,,,,,,
Digital Marketing Specialist,SEO Specialist,7.5,Search engine algorithms and ranking ranking factors,Keyword research and analysis analysis,On - page and off off - page,SEO optimization,SEO tools,Google,Analytics,SEMrush,SEO content strategy,,,,,,,
Data Analyst,Business Intelligence Analyst,5.0,Data analysis and visualization visualization tools,Tableau,Power,BI,SQL and database database querying,Business intelligence concepts,Data modeling and reporting reporting,Strong analytical and problem problem - solving skills,Data - driven decision - making,,,,,,,
Financial Advisor,Investment Advisor,4.5,Investment strategies,Portfolio management,Financial planning,Risk assessment,Regulatory compliance,,,,,,,,,,,
Database Developer,SQL Database Developer,7.5,SQL,Structured,Query,Language,Database design,Query optimization,Data modeling,Database maintenance,Problem - solving skills,,,,,,,
Financial Analyst,Investment Analyst,6.0,Financial analysis,Investment evaluation,Portfolio management,Data analysis,,,,,,,,,,,,
Network Engineer,Network Administrator,7.5,Network management,Troubleshooting,Network security,IT certifications,CCNA,,,,,,,,,,,
Web Developer,Frontend Web Developer,6.5,"HTML ,","CSS ,",JavaScript,Frontend frameworks,React,Angular,User experience,UX,,,,,,,,
Database Administrator,Database Developer,6.0,Database design and development development,SQL and database database querying,Data modeling,Programming languages,Java,Python,Data security and privacy privacy regulations knowledge,,,,,,,,,
Financial Analyst,Budget Analyst,8.0,Budget planning,Financial forecasting,Excel proficiency,Data analysis,,,,,,,,,,,,
Network Security Specialist,Security Consultant,6.0,Security consulting,Risk assessment,Security audits,Security policy development,Penetration testing,Client communication,,,,,,,,,,
Systems Administrator,Database Administrator,7.5,Database management systems,MySQL,Oracle,SQL,Server,Data security,Database tuning and optimization optimization,Backup and recovery recovery,,,,,,,,
Network Security Specialist,Security Operations Center (SOC) Analyst,7.5,SOC operations,Security incident response,Threat detection,Log analysis,Security tools,IDS/IPS,IPS,Security alerts triage,,,,,,,,
Java Developer,Java Backend Developer,4.5,Backend development,RESTful,APIs,Database integration,Java,EE,Enterprise,Edition,Performance optimization,Version control,Git,,,,,
Systems Administrator,Database Administrator,5.0,Database management systems,MySQL,Oracle,SQL,Server,Data security,Database tuning and optimization optimization,Backup and recovery recovery,,,,,,,,
Digital Marketing Specialist,SEO Specialist,6.5,Search engine algorithms and ranking ranking factors,Keyword research and analysis analysis,On - page and off off - page,SEO optimization,SEO tools,Google,Analytics,SEMrush,SEO content strategy,,,,,,,
Network Engineer,Network Administrator,6.0,Network management,Troubleshooting,Network security,IT certifications,CCNA,,,,,,,,,,,
Front-End Engineer,JavaScript Developer,7.5,JavaScript programming,Frontend development,Frontend frameworks,React,Angular,DOM manipulation,AJAX,Debugging and troubleshooting troubleshooting,,,,,,,,
Market Analyst,Competitive Intelligence Analyst,7.5,Competitive analysis,Market research,Data analysis,Business strategy,Industry knowledge,,,,,,,,,,,
Data Analyst,Business Intelligence Analyst,5.5,Data analysis and visualization visualization tools,Tableau,Power,BI,SQL and database database querying,Business intelligence concepts,Data modeling and reporting reporting,Strong analytical and problem problem - solving skills,Data - driven decision - making,,,,,,,
Systems Administrator,Database Administrator,7.0,Database management systems,MySQL,Oracle,SQL,Server,Data security,Database tuning and optimization optimization,Backup and recovery recovery,,,,,,,,
Network Engineer,Wireless Network Engineer,4.0,Wireless network design and architecture architecture,Wi -,Fi standards and protocols protocols,RF,Radio,Frequency planning and optimization optimization,Wireless security protocols,Troubleshooting wireless network issues,,,,,,,,
Marketing Analyst,Data Analyst,7.0,Data analysis tools,SQL,Python,Data visualization tools,Tableau,Power,BI,Statistical analysis,Data cleansing and transformation transformation,Data modeling,Communication of data insights,Problem - solving,Attention to detail,Business acumen,,
Network Administrator,Network Engineer,8.5,Network infrastructure design,Routing and switching switching,Network protocols,TCP/IP,IP,Cisco or,Juniper certifications,Troubleshooting and diagnostics diagnostics,Security protocols,Wireless networking,Network monitoring,Collaboration,Problem - solving,Attention to detail,,
Financial Advisor,Retirement Planner,7.5,Retirement planning,Social security,Investment products,Tax planning,Estate planning,,,,,,,,,,,
Finance Manager,Financial Planning Manager,7.5,Financial planning,Investment strategies,Team leadership,Wealth management,Client advisory skills,,,,,,,,,,,
Front-End Engineer,UI/UX Front-End Developer,6.0,UI/UX,UX design,Frontend web development,Wireframing and prototyping prototyping,User research,Accessibility standards,Responsive design,Collaboration skills,,,,,,,,
Back-End Developer,Server Developer,7.5,Server - side programming languages,Java,Python,Database management,API development,,,,,,,,,,,
Graphic Designer,Web Graphic Designer,6.0,Graphic design tools,Adobe,Creative,Suite,Web design principles,User interface,UI design,Visual communication,Typography,Creativity and artistic artistic skills,,,,,,
Front-End Developer,Accessibility Developer,7.5,Web accessibility standards,WCAG,Assistive technologies,Accessibility testing tools,HTML and CSS,CSS for accessibility,ARIA,Accessible,Rich,Internet,Applications,User experience,UX for accessibility,Usability testing with individuals with disabilities,Collaboration,Attention to detail
Digital Marketing Specialist,Social Media Manager,4.5,Social media platforms,Facebook,Twitter,Instagram,Content creation and scheduling scheduling,Social media analytics and insights insights,Community engagement,Paid social advertising,,,,,,,,
Graphic Designer,UI/UX Designer,8.0,User interface,UI design,User experience,UX design,Wireframing and prototyping prototyping tools,Sketch,Figma,Usability testing,Information architecture,Interaction design,Mobile and responsive responsive design,,,,,
Systems Administrator,IT Support Specialist,4.5,Technical troubleshooting,Hardware and software software support,Customer service,Problem - solving,Communication,,,,,,,,,,,
Digital Marketing Specialist,Social Media Manager,5.5,Social media platforms,Facebook,Twitter,Instagram,Content creation and scheduling scheduling,Social media analytics and insights insights,Community engagement,Paid social advertising,,,,,,,,
Web Developer,Full-Stack Developer,5.5,Frontend and backend backend development,Database integration,Problem - solving,API knowledge,,,,,,,,,,,,
Data Scientist,Data Engineer,5.5,Data integration,ETL,Extract,Transform,Load,Big data technologies,Hadoop,Spark,Database management,Data warehousing,,,,,,
Marketing Analyst,Digital Marketing Analyst,6.5,Digital marketing strategies,Analytics and reporting reporting,SEO and SEM,SEM,Social media marketing,Email marketing,Data interpretation,Marketing automation tools,A/B,B testing,Communication skills,Problem - solving,Attention to detail,Marketing knowledge,,
Network Administrator,Network Engineer,7.5,Network infrastructure design,Routing and switching switching,Network protocols,TCP/IP,IP,Cisco or,Juniper certifications,Troubleshooting and diagnostics diagnostics,Security protocols,Wireless networking,Network monitoring,Collaboration,Problem - solving,Attention to detail,,
Systems Administrator,IT Support Specialist,7.0,Technical troubleshooting,Hardware and software software support,Customer service,Problem - solving,Communication,,,,,,,,,,,
Digital Marketing Specialist,SEO Specialist,4.5,Search engine algorithms and ranking ranking factors,Keyword research and analysis analysis,On - page and off off - page,SEO optimization,SEO tools,Google,Analytics,SEMrush,SEO content strategy,,,,,,,
Data Scientist,Machine Learning Engineer,7.0,Machine learning algorithms,Python programming,Data preprocessing,Deep learning,Model evaluation,,,,,,,,,,,
Java Developer,Java Software Engineer,5.5,Java programming,Java frameworks,Spring,Object - oriented design,Code debugging,Software development,Problem - solving skills,,,,,,,,,
Network Administrator,Network Security Analyst,6.0,Network security protocols,Intrusion detection and prevention prevention,Security incident response,Firewall administration,Vulnerability assessment,Security policies and procedures procedures,Log analysis,Ethical hacking,Problem - solving,Communication skills,Attention to detail,,,,,
Systems Administrator,Database Administrator,4.5,Database management systems,MySQL,Oracle,SQL,Server,Data security,Database tuning and optimization optimization,Backup and recovery recovery,,,,,,,,
Marketing Analyst,Digital Marketing Analyst,6.5,Digital marketing strategies,Analytics and reporting reporting,SEO and SEM,SEM,Social media marketing,Email marketing,Data interpretation,Marketing automation tools,A/B,B testing,Communication skills,Problem - solving,Attention to detail,Marketing knowledge,,
Network Engineer,Wireless Network Engineer,8.5,Wireless network design and architecture architecture,Wi -,Fi standards and protocols protocols,RF,Radio,Frequency planning and optimization optimization,Wireless security protocols,Troubleshooting wireless network issues,,,,,,,,
Sales Manager,Sales Team Leader,7.0,Sales leadership,Team management,Sales strategy and planning planning,,,,,,,,,,,,,
UX Researcher,User Researcher,10.0,User research methods,Usability testing,Data analysis and interpretation interpretation,,,,,,,,,,,,,
Front-End Engineer,JavaScript Developer,6.0,JavaScript programming,Frontend development,Frontend frameworks,React,Angular,DOM manipulation,AJAX,Debugging and troubleshooting troubleshooting,,,,,,,,
Marketing Analyst,Data Analyst,6.5,Data analysis tools,SQL,Python,Data visualization tools,Tableau,Power,BI,Statistical analysis,Data cleansing and transformation transformation,Data modeling,Communication of data insights,Problem - solving,Attention to detail,Business acumen,,
Financial Advisor,Retirement Planner,7.0,Retirement planning,Social security,Investment products,Tax planning,Estate planning,,,,,,,,,,,
Architect,Architectural Designer,7.0,Architectural design software,AutoCAD,Revit,Building codes and regulations regulations 3D modeling,Visualization,Sustainable design,,,,,,,,,,
Front-End Engineer,UI/UX Front-End Developer,9.5,UI/UX,UX design,Frontend web development,Wireframing and prototyping prototyping,User research,Accessibility standards,Responsive design,Collaboration skills,,,,,,,,
Financial Advisor,Retirement Planner,8.0,Retirement planning,Social security,Investment products,Tax planning,Estate planning,,,,,,,,,,,
Architect,Sustainable Design Specialist,9.0,Sustainable design principles,Energy efficiency,LEED certification,Green building materials,Environmental impact assessment,,,,,,,,,,,
Market Analyst,Competitive Intelligence Analyst,8.0,Competitive analysis,Market research,Data analysis,Business strategy,Industry knowledge,,,,,,,,,,,
Financial Advisor,Investment Advisor,6.5,Investment strategies,Portfolio management,Financial planning,Risk assessment,Regulatory compliance,,,,,,,,,,,
Digital Marketing Specialist,Social Media Manager,6.5,Social media platforms,Facebook,Twitter,Instagram,Content creation and scheduling scheduling,Social media analytics and insights insights,Community engagement,Paid social advertising,,,,,,,,
Data Analyst,Business Intelligence Analyst,8.0,Data analysis and visualization visualization tools,Tableau,Power,BI,SQL and database database querying,Business intelligence concepts,Data modeling and reporting reporting,Strong analytical and problem problem - solving skills,Data - driven decision - making,,,,,,,
Systems Administrator,Database Administrator,9.0,Database management systems,MySQL,Oracle,SQL,Server,Data security,Database tuning and optimization optimization,Backup and recovery recovery,,,,,,,,
Financial Analyst,Investment Analyst,6.0,Financial analysis,Investment evaluation,Portfolio management,Data analysis,,,,,,,,,,,,
UX Researcher,User Researcher,8.0,User research methods,Usability testing,Data analysis and interpretation interpretation,,,,,,,,,,,,,
Financial Advisor,Investment Advisor,5.5,Investment strategies,Portfolio management,Financial planning,Risk assessment,Regulatory compliance,,,,,,,,,,,
Back-End Developer,API Developer,4.5,API design and development development,RESTful,API knowledge,Security protocols,OAuth,JWT,,,,,,,,,,
Digital Marketing Specialist,Social Media Manager,8.0,Social media platforms,Facebook,Twitter,Instagram,Content creation and scheduling scheduling,Social media analytics and insights insights,Community engagement,Paid social advertising,,,,,,,,
Graphic Designer,UI/UX Designer,7.5,User interface,UI design,User experience,UX design,Wireframing and prototyping prototyping tools,Sketch,Figma,Usability testing,Information architecture,Interaction design,Mobile and responsive responsive design,,,,,
Architect,Project Architect,6.0,Architectural project management,Construction documents,Building systems,Design coordination,Client communication,,,,,,,,,,,
Data Analyst,Business Intelligence Analyst,8.0,Data analysis and visualization visualization tools,Tableau,Power,BI,SQL and database database querying,Business intelligence concepts,Data modeling and reporting reporting,Strong analytical and problem problem - solving skills,Data - driven decision - making,,,,,,,
Data Analyst,Data Scientist,8.5,Machine learning algorithms and libraries libraries   scikit - learn,TensorFlow,PyTorch,Statistical analysis and modeling modeling,Data preprocessing and cleaning cleaning,Big data technologies,Hadoop,Spark,Data visualization,Strong programming skills,Python,R,,,,
Digital Marketing Specialist,Social Media Manager,9.5,Social media platforms,Facebook,Twitter,Instagram,Content creation and scheduling scheduling,Social media analytics and insights insights,Community engagement,Paid social advertising,,,,,,,,
Financial Advisor,Retirement Planner,4.5,Retirement planning,Social security,Investment products,Tax planning,Estate planning,,,,,,,,,,,
Database Developer,SQL Database Developer,7.5,SQL,Structured,Query,Language,Database design,Query optimization,Data modeling,Database maintenance,Problem - solving skills,,,,,,,
Accountant,Forensic Accountant,7.5,Forensic accounting,Fraud detection,Legal knowledge,Investigative skills,,,,,,,,,,,,
Java Developer,Java Software Engineer,7.5,Java programming,Java frameworks,Spring,Object - oriented design,Code debugging,Software development,Problem - solving skills,,,,,,,,,
Data Scientist,Machine Learning Engineer,7.5,Machine learning algorithms,Python programming,Data preprocessing,Deep learning,Model evaluation,,,,,,,,,,,
Financial Advisor,Investment Advisor,7.0,Investment strategies,Portfolio management,Financial planning,Risk assessment,Regulatory compliance,,,,,,,,,,,
Network Engineer,Network Administrator,5.5,Network management,Troubleshooting,Network security,IT certifications,CCNA,,,,,,,,,,,
Digital Marketing Specialist,Social Media Manager,6.5,Social media platforms,Facebook,Twitter,Instagram,Content creation and scheduling scheduling,Social media analytics and insights insights,Community engagement,Paid social advertising,,,,,,,,
Web Developer,Full-Stack Developer,6.5,Frontend and backend backend development,Database integration,Problem - solving,API knowledge,,,,,,,,,,,,
Digital Marketing Specialist,Social Media Manager,7.5,Social media platforms,Facebook,Twitter,Instagram,Content creation and scheduling scheduling,Social media analytics and insights insights,Community engagement,Paid social advertising,,,,,,,,
Financial Analyst,Budget Analyst,10.0,Budget planning,Financial forecasting,Excel proficiency,Data analysis,,,,,,,,,,,,
Marketing Analyst,Data Analyst,5.5,Data analysis tools,SQL,Python,Data visualization tools,Tableau,Power,BI,Statistical analysis,Data cleansing and transformation transformation,Data modeling,Communication of data insights,Problem - solving,Attention to detail,Business acumen,,
Sales Manager,Regional Sales Director,5.5,Sales strategy development,Territory management,Sales team leadership,,,,,,,,,,,,,
Graphic Designer,Web Graphic Designer,7.5,Graphic design tools,Adobe,Creative,Suite,Web design principles,User interface,UI design,Visual communication,Typography,Creativity and artistic artistic skills,,,,,,
Graphic Designer,Web Graphic Designer,8.5,Graphic design tools,Adobe,Creative,Suite,Web design principles,User interface,UI design,Visual communication,Typography,Creativity and artistic artistic skills,,,,,,
Marketing Analyst,Data Analyst,8.0,Data analysis tools,SQL,Python,Data visualization tools,Tableau,Power,BI,Statistical analysis,Data cleansing and transformation transformation,Data modeling,Communication of data insights,Problem - solving,Attention to detail,Business acumen,,
Web Developer,Full-Stack Developer,7.5,Frontend and backend backend development,Database integration,Problem - solving,API knowledge,,,,,,,,,,,,
UX Researcher,Usability Analyst,7.5,Usability evaluation,User interface assessment,Usability testing tools and techniques techniques,,,,,,,,,,,,,
Front-End Developer,Accessibility Developer,7.0,Web accessibility standards,WCAG,Assistive technologies,Accessibility testing tools,HTML and CSS,CSS for accessibility,ARIA,Accessible,Rich,Internet,Applications,User experience,UX for accessibility,Usability testing with individuals with disabilities,Collaboration,Attention to detail
Network Administrator,Systems Administrator,8.0,System administration,Server maintenance,Active,Directory,Backup and recovery recovery,Cloud computing,AWS,Azure,Troubleshooting,IT security best practices,Collaboration,Problem - solving,Attention to detail,Communication skills,Technical knowledge,
Architect,Sustainable Design Specialist,7.5,Sustainable design principles,Energy efficiency,LEED certification,Green building materials,Environmental impact assessment,,,,,,,,,,,
Systems Administrator,Database Administrator,7.5,Database management systems,MySQL,Oracle,SQL,Server,Data security,Database tuning and optimization optimization,Backup and recovery recovery,,,,,,,,
Market Research Analyst,Market Researcher,7.0,Market research methodologies,Data collection and analysis analysis,Industry knowledge,,,,,,,,,,,,,
Accountant,Forensic Accountant,5.0,Forensic accounting,Fraud detection,Legal knowledge,Investigative skills,,,,,,,,,,,,
Finance Manager,Accounting Manager,7.5,Accounting principles,Financial reporting,Team management,Budgeting,Financial analysis,,,,,,,,,,,
Sales Manager,Sales Team Leader,7.5,Sales leadership,Team management,Sales strategy and planning planning,,,,,,,,,,,,,
Marketing Director,Marketing Communications Director,6.5,Marketing communication,Public relations,Content strategy,Crisis management,Media relations,,,,,,,,,,,
Network Administrator,Network Security Analyst,5.5,Network security protocols,Intrusion detection and prevention prevention,Security incident response,Firewall administration,Vulnerability assessment,Security policies and procedures procedures,Log analysis,Ethical hacking,Problem - solving,Communication skills,Attention to detail,,,,,
Web Designer,Frontend Web Designer,8.0,Frontend web development,HTML/CSS,CSS,Responsive design,User interface,UI design,Adobe,Creative,Suite,Collaboration skills,,,,,,
Web Developer,Backend Web Developer,8.5,Server - side programming,Node.js,Python,Database management,SQL,MongoDB,,,,,,,,,,
UX Researcher,User Researcher,8.5,User research methods,Usability testing,Data analysis and interpretation interpretation,,,,,,,,,,,,,
Java Developer,Java Backend Developer,6.0,Backend development,RESTful,APIs,Database integration,Java,EE,Enterprise,Edition,Performance optimization,Version control,Git,,,,,
Market Research Analyst,Market Researcher,6.5,Market research methodologies,Data collection and analysis analysis,Industry knowledge,,,,,,,,,,,,,
Data Analyst,Business Intelligence Analyst,7.0,Data analysis and visualization visualization tools,Tableau,Power,BI,SQL and database database querying,Business intelligence concepts,Data modeling and reporting reporting,Strong analytical and problem problem - solving skills,Data - driven decision - making,,,,,,,
Web Developer,Frontend Web Developer,7.0,"HTML ,","CSS ,",JavaScript,Frontend frameworks,React,Angular,User experience,UX,,,,,,,,
Digital Marketing Specialist,Social Media Manager,6.0,Social media platforms,Facebook,Twitter,Instagram,Content creation and scheduling scheduling,Social media analytics and insights insights,Community engagement,Paid social advertising,,,,,,,,
Systems Administrator,IT Support Specialist,5.5,Technical troubleshooting,Hardware and software software support,Customer service,Problem - solving,Communication,,,,,,,,,,,
Finance Manager,Treasury Manager,4.0,Treasury management,Cash flow analysis,Risk management,Financial forecasting,Banking relations,,,,,,,,,,,
Financial Analyst,Budget Analyst,9.0,Budget planning,Financial forecasting,Excel proficiency,Data analysis,,,,,,,,,,,,
Network Administrator,Systems Administrator,7.0,System administration,Server maintenance,Active,Directory,Backup and recovery recovery,Cloud computing,AWS,Azure,Troubleshooting,IT security best practices,Collaboration,Problem - solving,Attention to detail,Communication skills,Technical knowledge,
Data Analyst,Data Scientist,7.5,Machine learning algorithms and libraries libraries   scikit - learn,TensorFlow,PyTorch,Statistical analysis and modeling modeling,Data preprocessing and cleaning cleaning,Big data technologies,Hadoop,Spark,Data visualization,Strong programming skills,Python,R,,,,
Network Administrator,Systems Administrator,8.0,System administration,Server maintenance,Active,Directory,Backup and recovery recovery,Cloud computing,AWS,Azure,Troubleshooting,IT security best practices,Collaboration,Problem - solving,Attention to detail,Communication skills,Technical knowledge,
Architect,Project Architect,10.0,Architectural project management,Construction documents,Building systems,Design coordination,Client communication,,,,,,,,,,,
Network Engineer,Network Administrator,5.5,Network management,Troubleshooting,Network security,IT certifications,CCNA,,,,,,,,,,,
Digital Marketing Specialist,Social Media Manager,8.5,Social media platforms,Facebook,Twitter,Instagram,Content creation and scheduling scheduling,Social media analytics and insights insights,Community engagement,Paid social advertising,,,,,,,,
Accountant,Financial Accountant,10.0,Financial reporting,Accounting software,QuickBooks,Auditing,GAAP knowledge,,,,,,,,,,,
Marketing Director,Brand Director,4.5,Brand strategy,Brand development,Creative direction,Brand management,Market research,,,,,,,,,,,
Network Engineer,Wireless Network Engineer,6.5,Wireless network design and architecture architecture,Wi -,Fi standards and protocols protocols,RF,Radio,Frequency planning and optimization optimization,Wireless security protocols,Troubleshooting wireless network issues,,,,,,,,
Digital Marketing Specialist,Social Media Manager,6.0,Social media platforms,Facebook,Twitter,Instagram,Content creation and scheduling scheduling,Social media analytics and insights insights,Community engagement,Paid social advertising,,,,,,,,
Finance Manager,Treasury Manager,7.0,Treasury management,Cash flow analysis,Risk management,Financial forecasting,Banking relations,,,,,,,,,,,
Network Engineer,Network Administrator,5.5,Network management,Troubleshooting,Network security,IT certifications,CCNA,,,,,,,,,,,
Marketing Director,Marketing Communications Director,8.5,Marketing communication,Public relations,Content strategy,Crisis management,Media relations,,,,,,,,,,,
Network Engineer,Network Administrator,6.5,Network management,Troubleshooting,Network security,IT certifications,CCNA,,,,,,,,,,,
Architect,Project Architect,7.0,Architectural project management,Construction documents,Building systems,Design coordination,Client communication,,,,,,,,,,,
Systems Administrator,IT Support Specialist,7.5,Technical troubleshooting,Hardware and software software support,Customer service,Problem - solving,Communication,,,,,,,,,,,
Database Administrator,Database Security Specialist,9.5,Database security measures,Data encryption and access access control,Security compliance,Vulnerability assessment,Database auditing and monitoring monitoring,,,,,,,,,,,
Database Developer,SQL Database Developer,6.0,SQL,Structured,Query,Language,Database design,Query optimization,Data modeling,Database maintenance,Problem - solving skills,,,,,,,
Java Developer,Java Software Engineer,5.0,Java programming,Java frameworks,Spring,Object - oriented design,Code debugging,Software development,Problem - solving skills,,,,,,,,,
Network Engineer,Network Security Engineer,8.5,Network security protocols and technologies technologies,Firewalls and intrusion intrusion detection systems,Vulnerability assessment and penetration penetration testing,Security policy development and enforcement enforcement,Incident response and recovery recovery,,,,,,,,,,,
Marketing Director,Brand Director,6.5,Brand strategy,Brand development,Creative direction,Brand management,Market research,,,,,,,,,,,
Web Designer,E-commerce Web Designer,8.5,E - commerce web design,UX/UI,UI design,Shopping cart integration,Payment gateway integration,Mobile responsiveness,E - commerce platforms,Shopify,,,,,,,,
Data Analyst,Data Quality Analyst,5.5,Data quality assessment and improvement improvement,Data profiling and validation validation,Knowledge of data quality tools,Informatica,Talend,Data governance principles,SQL for data analysis,Attention to detail and data data accuracy,,,,,,,,
Network Administrator,Systems Administrator,7.0,System administration,Server maintenance,Active,Directory,Backup and recovery recovery,Cloud computing,AWS,Azure,Troubleshooting,IT security best practices,Collaboration,Problem - solving,Attention to detail,Communication skills,Technical knowledge,
Graphic Designer,UI/UX Designer,7.0,User interface,UI design,User experience,UX design,Wireframing and prototyping prototyping tools,Sketch,Figma,Usability testing,Information architecture,Interaction design,Mobile and responsive responsive design,,,,,
Financial Analyst,Budget Analyst,6.5,Budget planning,Financial forecasting,Excel proficiency,Data analysis,,,,,,,,,,,,
Systems Administrator,IT Support Specialist,4.5,Technical troubleshooting,Hardware and software software support,Customer service,Problem - solving,Communication,,,,,,,,,,,
Architect,Project Architect,8.0,Architectural project management,Construction documents,Building systems,Design coordination,Client communication,,,,,,,,,,,
Digital Marketing Specialist,SEO Specialist,4.5,Search engine algorithms and ranking ranking factors,Keyword research and analysis analysis,On - page and off off - page,SEO optimization,SEO tools,Google,Analytics,SEMrush,SEO content strategy,,,,,,,
Network Administrator,Systems Administrator,8.5,System administration,Server maintenance,Active,Directory,Backup and recovery recovery,Cloud computing,AWS,Azure,Troubleshooting,IT security best practices,Collaboration,Problem - solving,Attention to detail,Communication skills,Technical knowledge,
Network Security Specialist,Cybersecurity Analyst,4.5,Cybersecurity,Security assessments,Intrusion detection,Security tools,SIEM,Incident response,Vulnerability scanning,,,,,,,,,
Network Administrator,Network Security Analyst,9.0,Network security protocols,Intrusion detection and prevention prevention,Security incident response,Firewall administration,Vulnerability assessment,Security policies and procedures procedures,Log analysis,Ethical hacking,Problem - solving,Communication skills,Attention to detail,,,,,
Marketing Analyst,Data Analyst,7.5,Data analysis tools,SQL,Python,Data visualization tools,Tableau,Power,BI,Statistical analysis,Data cleansing and transformation transformation,Data modeling,Communication of data insights,Problem - solving,Attention to detail,Business acumen,,
Financial Advisor,Investment Advisor,7.5,Investment strategies,Portfolio management,Financial planning,Risk assessment,Regulatory compliance,,,,,,,,,,,
Marketing Analyst,Data Analyst,8.0,Data analysis tools,SQL,Python,Data visualization tools,Tableau,Power,BI,Statistical analysis,Data cleansing and transformation transformation,Data modeling,Communication of data insights,Problem - solving,Attention to detail,Business acumen,,
Financial Advisor,Investment Advisor,5.5,Investment strategies,Portfolio management,Financial planning,Risk assessment,Regulatory compliance,,,,,,,,,,,
Systems Administrator,IT Support Specialist,9.5,Technical troubleshooting,Hardware and software software support,Customer service,Problem - solving,Communication,,,,,,,,,,,
Back-End Developer,Server Developer,9.5,Server - side programming languages,Java,Python,Database management,API development,,,,,,,,,,,
Systems Administrator,IT Support Specialist,7.5,Technical troubleshooting,Hardware and software software support,Customer service,Problem - solving,Communication,,,,,,,,,,,
Data Scientist,Data Engineer,5.5,Data integration,ETL,Extract,Transform,Load,Big data technologies,Hadoop,Spark,Database management,Data warehousing,,,,,,
Front-End Developer,Web Designer,6.0,Web design concepts,Graphic design software,Adobe,Creative,Suite,HTML and CSS,CSS,Responsive design,User interface,UI principles,Visual communication,Typography,Color theory,Creativity,Attention to detail,Collaboration
Accountant,Forensic Accountant,6.5,Forensic accounting,Fraud detection,Legal knowledge,Investigative skills,,,,,,,,,,,,
Graphic Designer,Print Graphic Designer,9.5,Print design software,Adobe,InDesign,Illustrator,Layout and composition composition,Print production processes,Color theory and management management,Attention to detail,Print industry knowledge,,,,,,,
Architect,Sustainable Design Specialist,8.0,Sustainable design principles,Energy efficiency,LEED certification,Green building materials,Environmental impact assessment,,,,,,,,,,,
Financial Analyst,Financial Planner,7.5,Financial planning,Investment strategy,Retirement planning,Tax knowledge,,,,,,,,,,,,
Network Security Specialist,Security Consultant,7.5,Security consulting,Risk assessment,Security audits,Security policy development,Penetration testing,Client communication,,,,,,,,,,
Network Administrator,Systems Administrator,5.5,System administration,Server maintenance,Active,Directory,Backup and recovery recovery,Cloud computing,AWS,Azure,Troubleshooting,IT security best practices,Collaboration,Problem - solving,Attention to detail,Communication skills,Technical knowledge,
Database Developer,SQL Database Developer,8.0,SQL,Structured,Query,Language,Database design,Query optimization,Data modeling,Database maintenance,Problem - solving skills,,,,,,,
Market Analyst,Competitive Intelligence Analyst,8.5,Competitive analysis,Market research,Data analysis,Business strategy,Industry knowledge,,,,,,,,,,,
Marketing Analyst,Digital Marketing Analyst,7.0,Digital marketing strategies,Analytics and reporting reporting,SEO and SEM,SEM,Social media marketing,Email marketing,Data interpretation,Marketing automation tools,A/B,B testing,Communication skills,Problem - solving,Attention to detail,Marketing knowledge,,
Marketing Analyst,Data Analyst,6.5,Data analysis tools,SQL,Python,Data visualization tools,Tableau,Power,BI,Statistical analysis,Data cleansing and transformation transformation,Data modeling,Communication of data insights,Problem - solving,Attention to detail,Business acumen,,
Digital Marketing Specialist,SEO Specialist,5.5,Search engine algorithms and ranking ranking factors,Keyword research and analysis analysis,On - page and off off - page,SEO optimization,SEO tools,Google,Analytics,SEMrush,SEO content strategy,,,,,,,
Data Scientist,Data Engineer,6.0,Data integration,ETL,Extract,Transform,Load,Big data technologies,Hadoop,Spark,Database management,Data warehousing,,,,,,
Web Designer,Frontend Web Designer,7.0,Frontend web development,HTML/CSS,CSS,Responsive design,User interface,UI design,Adobe,Creative,Suite,Collaboration skills,,,,,,
Finance Manager,Accounting Manager,6.5,Accounting principles,Financial reporting,Team management,Budgeting,Financial analysis,,,,,,,,,,,
Digital Marketing Specialist,Social Media Manager,5.0,Social media platforms,Facebook,Twitter,Instagram,Content creation and scheduling scheduling,Social media analytics and insights insights,Community engagement,Paid social advertising,,,,,,,,
Financial Advisor,Investment Advisor,6.0,Investment strategies,Portfolio management,Financial planning,Risk assessment,Regulatory compliance,,,,,,,,,,,
Digital Marketing Specialist,SEO Specialist,9.0,Search engine algorithms and ranking ranking factors,Keyword research and analysis analysis,On - page and off off - page,SEO optimization,SEO tools,Google,Analytics,SEMrush,SEO content strategy,,,,,,,
Database Administrator,Database Developer,7.5,Database design and development development,SQL and database database querying,Data modeling,Programming languages,Java,Python,Data security and privacy privacy regulations knowledge,,,,,,,,,
Data Analyst,Business Intelligence Analyst,7.5,Data analysis and visualization visualization tools,Tableau,Power,BI,SQL and database database querying,Business intelligence concepts,Data modeling and reporting reporting,Strong analytical and problem problem - solving skills,Data - driven decision - making,,,,,,,
Sales Manager,Regional Sales Director,6.0,Sales strategy development,Territory management,Sales team leadership,,,,,,,,,,,,,
Network Engineer,Network Administrator,8.0,Network management,Troubleshooting,Network security,IT certifications,CCNA,,,,,,,,,,,
Network Administrator,Network Engineer,6.5,Network infrastructure design,Routing and switching switching,Network protocols,TCP/IP,IP,Cisco or,Juniper certifications,Troubleshooting and diagnostics diagnostics,Security protocols,Wireless networking,Network monitoring,Collaboration,Problem - solving,Attention to detail,,
Data Analyst,Data Scientist,9.0,Machine learning algorithms and libraries libraries   scikit - learn,TensorFlow,PyTorch,Statistical analysis and modeling modeling,Data preprocessing and cleaning cleaning,Big data technologies,Hadoop,Spark,Data visualization,Strong programming skills,Python,R,,,,
UX Researcher,User Researcher,7.5,User research methods,Usability testing,Data analysis and interpretation interpretation,,,,,,,,,,,,,
Web Developer,Frontend Web Developer,5.5,"HTML ,","CSS ,",JavaScript,Frontend frameworks,React,Angular,User experience,UX,,,,,,,,
Financial Advisor,Wealth Management Advisor,9.5,Wealth management strategies,Asset allocation,Estate planning,Tax management,Client relationship management,,,,,,,,,,,
Digital Marketing Specialist,SEO Specialist,4.5,Search engine algorithms and ranking ranking factors,Keyword research and analysis analysis,On - page and off off - page,SEO optimization,SEO tools,Google,Analytics,SEMrush,SEO content strategy,,,,,,,
Data Scientist,Data Engineer,7.5,Data integration,ETL,Extract,Transform,Load,Big data technologies,Hadoop,Spark,Database management,Data warehousing,,,,,,
Systems Administrator,IT Support Specialist,8.0,Technical troubleshooting,Hardware and software software support,Customer service,Problem - solving,Communication,,,,,,,,,,,
Marketing Director,Marketing Communications Director,7.5,Marketing communication,Public relations,Content strategy,Crisis management,Media relations,,,,,,,,,,,
Architect,Architectural Designer,8.5,Architectural design software,AutoCAD,Revit,Building codes and regulations regulations 3D modeling,Visualization,Sustainable design,,,,,,,,,,
Web Designer,Frontend Web Designer,9.0,Frontend web development,HTML/CSS,CSS,Responsive design,User interface,UI design,Adobe,Creative,Suite,Collaboration skills,,,,,,
Data Analyst,Data Quality Analyst,6.0,Data quality assessment and improvement improvement,Data profiling and validation validation,Knowledge of data quality tools,Informatica,Talend,Data governance principles,SQL for data analysis,Attention to detail and data data accuracy,,,,,,,,
Systems Administrator,Database Administrator,6.5,Database management systems,MySQL,Oracle,SQL,Server,Data security,Database tuning and optimization optimization,Backup and recovery recovery,,,,,,,,
Network Engineer,Wireless Network Engineer,8.0,Wireless network design and architecture architecture,Wi -,Fi standards and protocols protocols,RF,Radio,Frequency planning and optimization optimization,Wireless security protocols,Troubleshooting wireless network issues,,,,,,,,
Network Administrator,Systems Administrator,5.5,System administration,Server maintenance,Active,Directory,Backup and recovery recovery,Cloud computing,AWS,Azure,Troubleshooting,IT security best practices,Collaboration,Problem - solving,Attention to detail,Communication skills,Technical knowledge,
Network Security Specialist,Security Operations Center (SOC) Analyst,5.5,SOC operations,Security incident response,Threat detection,Log analysis,Security tools,IDS/IPS,IPS,Security alerts triage,,,,,,,,
Network Engineer,Network Administrator,5.0,Network management,Troubleshooting,Network security,IT certifications,CCNA,,,,,,,,,,,
Data Analyst,Data Quality Analyst,8.0,Data quality assessment and improvement improvement,Data profiling and validation validation,Knowledge of data quality tools,Informatica,Talend,Data governance principles,SQL for data analysis,Attention to detail and data data accuracy,,,,,,,,
Database Administrator,Database Analyst,9.0,Data analysis,Database querying and reporting reporting,Data visualization,SQL proficiency,Data quality assurance,,,,,,,,,,,
Accountant,Financial Accountant,4.5,Financial reporting,Accounting software,QuickBooks,Auditing,GAAP knowledge,,,,,,,,,,,
Web Developer,Backend Web Developer,6.0,Server - side programming,Node.js,Python,Database management,SQL,MongoDB,,,,,,,,,,
Systems Administrator,IT Support Specialist,5.5,Technical troubleshooting,Hardware and software software support,Customer service,Problem - solving,Communication,,,,,,,,,,,
Digital Marketing Specialist,SEO Specialist,6.5,Search engine algorithms and ranking ranking factors,Keyword research and analysis analysis,On - page and off off - page,SEO optimization,SEO tools,Google,Analytics,SEMrush,SEO content strategy,,,,,,,
Digital Marketing Specialist,Social Media Manager,6.0,Social media platforms,Facebook,Twitter,Instagram,Content creation and scheduling scheduling,Social media analytics and insights insights,Community engagement,Paid social advertising,,,,,,,,
Network Security Specialist,Security Operations Center (SOC) Analyst,8.5,SOC operations,Security incident response,Threat detection,Log analysis,Security tools,IDS/IPS,IPS,Security alerts triage,,,,,,,,
Database Developer,SQL Database Developer,8.5,SQL,Structured,Query,Language,Database design,Query optimization,Data modeling,Database maintenance,Problem - solving skills,,,,,,,
Marketing Analyst,Data Analyst,6.5,Data analysis tools,SQL,Python,Data visualization tools,Tableau,Power,BI,Statistical analysis,Data cleansing and transformation transformation,Data modeling,Communication of data insights,Problem - solving,Attention to detail,Business acumen,,
Front-End Engineer,UI/UX Front-End Developer,8.0,UI/UX,UX design,Frontend web development,Wireframing and prototyping prototyping,User research,Accessibility standards,Responsive design,Collaboration skills,,,,,,,,
Digital Marketing Specialist,Social Media Manager,5.5,Social media platforms,Facebook,Twitter,Instagram,Content creation and scheduling scheduling,Social media analytics and insights insights,Community engagement,Paid social advertising,,,,,,,,
UX Researcher,UX Strategist,9.0,User experience strategy,User journey mapping,Design thinking,,,,,,,,,,,,,
Digital Marketing Specialist,Social Media Manager,6.5,Social media platforms,Facebook,Twitter,Instagram,Content creation and scheduling scheduling,Social media analytics and insights insights,Community engagement,Paid social advertising,,,,,,,,
Accountant,Forensic Accountant,6.5,Forensic accounting,Fraud detection,Legal knowledge,Investigative skills,,,,,,,,,,,,
Web Developer,Frontend Web Developer,7.0,"HTML ,","CSS ,",JavaScript,Frontend frameworks,React,Angular,User experience,UX,,,,,,,,
Front-End Engineer,JavaScript Developer,7.0,JavaScript programming,Frontend development,Frontend frameworks,React,Angular,DOM manipulation,AJAX,Debugging and troubleshooting troubleshooting,,,,,,,,
Financial Advisor,Retirement Planner,7.5,Retirement planning,Social security,Investment products,Tax planning,Estate planning,,,,,,,,,,,
Architect,Sustainable Design Specialist,8.0,Sustainable design principles,Energy efficiency,LEED certification,Green building materials,Environmental impact assessment,,,,,,,,,,,
Front-End Developer,UI/UX Developer,6.5,User interface,UI design,User experience,UX design,Web design principles,Prototyping and wireframing wireframing,Front - end development languages,HTML,CSS,JavaScript,Interaction design,User testing,Responsive design,Usability testing,Collaboration,Attention to detail
Network Administrator,Network Engineer,9.0,Network infrastructure design,Routing and switching switching,Network protocols,TCP/IP,IP,Cisco or,Juniper certifications,Troubleshooting and diagnostics diagnostics,Security protocols,Wireless networking,Network monitoring,Collaboration,Problem - solving,Attention to detail,,
Front-End Engineer,JavaScript Developer,6.0,JavaScript programming,Frontend development,Frontend frameworks,React,Angular,DOM manipulation,AJAX,Debugging and troubleshooting troubleshooting,,,,,,,,
Systems Administrator,IT Support Specialist,8.5,Technical troubleshooting,Hardware and software software support,Customer service,Problem - solving,Communication,,,,,,,,,,,
Web Developer,Backend Web Developer,5.5,Server - side programming,Node.js,Python,Database management,SQL,MongoDB,,,,,,,,,,
Systems Administrator,IT Support Specialist,8.0,Technical troubleshooting,Hardware and software software support,Customer service,Problem - solving,Communication,,,,,,,,,,,
Systems Administrator,Database Administrator,7.0,Database management systems,MySQL,Oracle,SQL,Server,Data security,Database tuning and optimization optimization,Backup and recovery recovery,,,,,,,,
Marketing Analyst,Data Analyst,7.5,Data analysis tools,SQL,Python,Data visualization tools,Tableau,Power,BI,Statistical analysis,Data cleansing and transformation transformation,Data modeling,Communication of data insights,Problem - solving,Attention to detail,Business acumen,,
Network Administrator,Network Security Analyst,7.0,Network security protocols,Intrusion detection and prevention prevention,Security incident response,Firewall administration,Vulnerability assessment,Security policies and procedures procedures,Log analysis,Ethical hacking,Problem - solving,Communication skills,Attention to detail,,,,,
Systems Administrator,Database Administrator,7.0,Database management systems,MySQL,Oracle,SQL,Server,Data security,Database tuning and optimization optimization,Backup and recovery recovery,,,,,,,,
Financial Analyst,Financial Planner,5.5,Financial planning,Investment strategy,Retirement planning,Tax knowledge,,,,,,,,,,,,
Network Security Specialist,Security Consultant,6.5,Security consulting,Risk assessment,Security audits,Security policy development,Penetration testing,Client communication,,,,,,,,,,
Architect,Sustainable Design Specialist,4.0,Sustainable design principles,Energy efficiency,LEED certification,Green building materials,Environmental impact assessment,,,,,,,,,,,
Sales Manager,Regional Sales Director,7.0,Sales strategy development,Territory management,Sales team leadership,,,,,,,,,,,,,
Financial Advisor,Investment Advisor,5.5,Investment strategies,Portfolio management,Financial planning,Risk assessment,Regulatory compliance,,,,,,,,,,,
Marketing Analyst,Data Analyst,8.0,Data analysis tools,SQL,Python,Data visualization tools,Tableau,Power,BI,Statistical analysis,Data cleansing and transformation transformation,Data modeling,Communication of data insights,Problem - solving,Attention to detail,Business acumen,,
Financial Analyst,Financial Planner,6.5,Financial planning,Investment strategy,Retirement planning,Tax knowledge,,,,,,,,,,,,
Database Developer,NoSQL Database Engineer,4.5,NoSQL databases,MongoDB,Cassandra,Data modeling,Data migration,Performance tuning,Scalability,Distributed systems,,,,,,,,
Network Engineer,Network Administrator,6.5,Network management,Troubleshooting,Network security,IT certifications,CCNA,,,,,,,,,,,
Network Administrator,Network Security Analyst,6.5,Network security protocols,Intrusion detection and prevention prevention,Security incident response,Firewall administration,Vulnerability assessment,Security policies and procedures procedures,Log analysis,Ethical hacking,Problem - solving,Communication skills,Attention to detail,,,,,
Digital Marketing Specialist,SEO Specialist,4.0,Search engine algorithms and ranking ranking factors,Keyword research and analysis analysis,On - page and off off - page,SEO optimization,SEO tools,Google,Analytics,SEMrush,SEO content strategy,,,,,,,
Finance Manager,Treasury Manager,4.5,Treasury management,Cash flow analysis,Risk management,Financial forecasting,Banking relations,,,,,,,,,,,
Network Administrator,Network Engineer,7.0,Network infrastructure design,Routing and switching switching,Network protocols,TCP/IP,IP,Cisco or,Juniper certifications,Troubleshooting and diagnostics diagnostics,Security protocols,Wireless networking,Network monitoring,Collaboration,Problem - solving,Attention to detail,,
Sales Manager,Sales Team Leader,7.5,Sales leadership,Team management,Sales strategy and planning planning,,,,,,,,,,,,,
Systems Administrator,Database Administrator,7.0,Database management systems,MySQL,Oracle,SQL,Server,Data security,Database tuning and optimization optimization,Backup and recovery recovery,,,,,,,,
Marketing Analyst,Data Analyst,8.0,Data analysis tools,SQL,Python,Data visualization tools,Tableau,Power,BI,Statistical analysis,Data cleansing and transformation transformation,Data modeling,Communication of data insights,Problem - solving,Attention to detail,Business acumen,,
Data Analyst,Data Quality Analyst,7.0,Data quality assessment and improvement improvement,Data profiling and validation validation,Knowledge of data quality tools,Informatica,Talend,Data governance principles,SQL for data analysis,Attention to detail and data data accuracy,,,,,,,,
Database Developer,SQL Database Developer,5.0,SQL,Structured,Query,Language,Database design,Query optimization,Data modeling,Database maintenance,Problem - solving skills,,,,,,,
Financial Advisor,Retirement Planner,7.0,Retirement planning,Social security,Investment products,Tax planning,Estate planning,,,,,,,,,,,
Web Developer,Frontend Web Developer,7.0,"HTML ,","CSS ,",JavaScript,Frontend frameworks,React,Angular,User experience,UX,,,,,,,,
Financial Analyst,Financial Planner,4.5,Financial planning,Investment strategy,Retirement planning,Tax knowledge,,,,,,,,,,,,
Network Security Specialist,Security Operations Center (SOC) Analyst,6.0,SOC operations,Security incident response,Threat detection,Log analysis,Security tools,IDS/IPS,IPS,Security alerts triage,,,,,,,,
Java Developer,Java Web Application Developer,6.5,Web application development,Java web frameworks,Servlets,JSP,Frontend integration,User authentication,Security protocols,Code documentation,,,,,,,,
Web Developer,Frontend Web Developer,7.5,"HTML ,","CSS ,",JavaScript,Frontend frameworks,React,Angular,User experience,UX,,,,,,,,
Marketing Analyst,Digital Marketing Analyst,8.0,Digital marketing strategies,Analytics and reporting reporting,SEO and SEM,SEM,Social media marketing,Email marketing,Data interpretation,Marketing automation tools,A/B,B testing,Communication skills,Problem - solving,Attention to detail,Marketing knowledge,,
Accountant,Tax Accountant,7.5,Tax preparation,Tax planning,Tax regulations,Accounting,Tax software proficiency,,,,,,,,,,,
Systems Administrator,IT Support Specialist,5.0,Technical troubleshooting,Hardware and software software support,Customer service,Problem - solving,Communication,,,,,,,,,,,
Finance Manager,Financial Planning Manager,5.0,Financial planning,Investment strategies,Team leadership,Wealth management,Client advisory skills,,,,,,,,,,,
Finance Manager,Accounting Manager,6.0,Accounting principles,Financial reporting,Team management,Budgeting,Financial analysis,,,,,,,,,,,
Finance Manager,Financial Planning Manager,6.5,Financial planning,Investment strategies,Team leadership,Wealth management,Client advisory skills,,,,,,,,,,,
Graphic Designer,UI/UX Designer,7.5,User interface,UI design,User experience,UX design,Wireframing and prototyping prototyping tools,Sketch,Figma,Usability testing,Information architecture,Interaction design,Mobile and responsive responsive design,,,,,
Network Security Specialist,Cybersecurity Analyst,6.0,Cybersecurity,Security assessments,Intrusion detection,Security tools,SIEM,Incident response,Vulnerability scanning,,,,,,,,,
Financial Advisor,Investment Advisor,8.5,Investment strategies,Portfolio management,Financial planning,Risk assessment,Regulatory compliance,,,,,,,,,,,
Web Developer,Backend Web Developer,9.5,Server - side programming,Node.js,Python,Database management,SQL,MongoDB,,,,,,,,,,
Finance Manager,Financial Planning Manager,7.5,Financial planning,Investment strategies,Team leadership,Wealth management,Client advisory skills,,,,,,,,,,,
Front-End Developer,UI/UX Developer,8.5,User interface,UI design,User experience,UX design,Web design principles,Prototyping and wireframing wireframing,Front - end development languages,HTML,CSS,JavaScript,Interaction design,User testing,Responsive design,Usability testing,Collaboration,Attention to detail
Sales Manager,Regional Sales Director,7.5,Sales strategy development,Territory management,Sales team leadership,,,,,,,,,,,,,
Finance Manager,Treasury Manager,7.5,Treasury management,Cash flow analysis,Risk management,Financial forecasting,Banking relations,,,,,,,,,,,
Architect,Sustainable Design Specialist,6.5,Sustainable design principles,Energy efficiency,LEED certification,Green building materials,Environmental impact assessment,,,,,,,,,,,
Financial Advisor,Retirement Planner,7.0,Retirement planning,Social security,Investment products,Tax planning,Estate planning,,,,,,,,,,,
Sales Manager,Regional Sales Director,6.0,Sales strategy development,Territory management,Sales team leadership,,,,,,,,,,,,,
Database Developer,SQL Database Developer,6.0,SQL,Structured,Query,Language,Database design,Query optimization,Data modeling,Database maintenance,Problem - solving skills,,,,,,,
Network Security Specialist,Cybersecurity Analyst,9.0,Cybersecurity,Security assessments,Intrusion detection,Security tools,SIEM,Incident response,Vulnerability scanning,,,,,,,,,
Market Research Analyst,Market Research Coordinator,6.0,Market research coordination,Survey design and administration administration,Data analysis,,,,,,,,,,,,,
Data Analyst,Business Intelligence Analyst,6.0,Data analysis and visualization visualization tools,Tableau,Power,BI,SQL and database database querying,Business intelligence concepts,Data modeling and reporting reporting,Strong analytical and problem problem - solving skills,Data - driven decision - making,,,,,,,
Network Engineer,Network Administrator,6.5,Network management,Troubleshooting,Network security,IT certifications,CCNA,,,,,,,,,,,
Graphic Designer,UI/UX Designer,6.5,User interface,UI design,User experience,UX design,Wireframing and prototyping prototyping tools,Sketch,Figma,Usability testing,Information architecture,Interaction design,Mobile and responsive responsive design,,,,,
Financial Advisor,Retirement Planner,5.0,Retirement planning,Social security,Investment products,Tax planning,Estate planning,,,,,,,,,,,
Financial Advisor,Wealth Management Advisor,7.5,Wealth management strategies,Asset allocation,Estate planning,Tax management,Client relationship management,,,,,,,,,,,
Database Administrator,Database Developer,7.0,Database design and development development,SQL and database database querying,Data modeling,Programming languages,Java,Python,Data security and privacy privacy regulations knowledge,,,,,,,,,
Data Analyst,Business Intelligence Analyst,9.0,Data analysis and visualization visualization tools,Tableau,Power,BI,SQL and database database querying,Business intelligence concepts,Data modeling and reporting reporting,Strong analytical and problem problem - solving skills,Data - driven decision - making,,,,,,,
Marketing Analyst,Data Analyst,7.0,Data analysis tools,SQL,Python,Data visualization tools,Tableau,Power,BI,Statistical analysis,Data cleansing and transformation transformation,Data modeling,Communication of data insights,Problem - solving,Attention to detail,Business acumen,,
Front-End Developer,Accessibility Developer,7.0,Web accessibility standards,WCAG,Assistive technologies,Accessibility testing tools,HTML and CSS,CSS for accessibility,ARIA,Accessible,Rich,Internet,Applications,User experience,UX for accessibility,Usability testing with individuals with disabilities,Collaboration,Attention to detail
Network Administrator,Systems Administrator,8.5,System administration,Server maintenance,Active,Directory,Backup and recovery recovery,Cloud computing,AWS,Azure,Troubleshooting,IT security best practices,Collaboration,Problem - solving,Attention to detail,Communication skills,Technical knowledge,
Digital Marketing Specialist,Social Media Manager,9.5,Social media platforms,Facebook,Twitter,Instagram,Content creation and scheduling scheduling,Social media analytics and insights insights,Community engagement,Paid social advertising,,,,,,,,
Systems Administrator,Database Administrator,9.0,Database management systems,MySQL,Oracle,SQL,Server,Data security,Database tuning and optimization optimization,Backup and recovery recovery,,,,,,,,
Accountant,Financial Accountant,4.5,Financial reporting,Accounting software,QuickBooks,Auditing,GAAP knowledge,,,,,,,,,,,
Architect,Project Architect,8.5,Architectural project management,Construction documents,Building systems,Design coordination,Client communication,,,,,,,,,,,
Financial Analyst,Budget Analyst,7.0,Budget planning,Financial forecasting,Excel proficiency,Data analysis,,,,,,,,,,,,
Data Scientist,Data Engineer,6.0,Data integration,ETL,Extract,Transform,Load,Big data technologies,Hadoop,Spark,Database management,Data warehousing,,,,,,
Back-End Developer,API Developer,5.5,API design and development development,RESTful,API knowledge,Security protocols,OAuth,JWT,,,,,,,,,,
Marketing Analyst,Digital Marketing Analyst,7.0,Digital marketing strategies,Analytics and reporting reporting,SEO and SEM,SEM,Social media marketing,Email marketing,Data interpretation,Marketing automation tools,A/B,B testing,Communication skills,Problem - solving,Attention to detail,Marketing knowledge,,
Network Administrator,Systems Administrator,8.0,System administration,Server maintenance,Active,Directory,Backup and recovery recovery,Cloud computing,AWS,Azure,Troubleshooting,IT security best practices,Collaboration,Problem - solving,Attention to detail,Communication skills,Technical knowledge,
Accountant,Financial Accountant,9.5,Financial reporting,Accounting software,QuickBooks,Auditing,GAAP knowledge,,,,,,,,,,,
Finance Manager,Treasury Manager,5.5,Treasury management,Cash flow analysis,Risk management,Financial forecasting,Banking relations,,,,,,,,,,,
Database Administrator,Database Analyst,8.0,Data analysis,Database querying and reporting reporting,Data visualization,SQL proficiency,Data quality assurance,,,,,,,,,,,
Systems Administrator,Database Administrator,8.5,Database management systems,MySQL,Oracle,SQL,Server,Data security,Database tuning and optimization optimization,Backup and recovery recovery,,,,,,,,
Database Administrator,Database Security Specialist,8.0,Database security measures,Data encryption and access access control,Security compliance,Vulnerability assessment,Database auditing and monitoring monitoring,,,,,,,,,,,
Marketing Analyst,Data Analyst,7.5,Data analysis tools,SQL,Python,Data visualization tools,Tableau,Power,BI,Statistical analysis,Data cleansing and transformation transformation,Data modeling,Communication of data insights,Problem - solving,Attention to detail,Business acumen,,
Front-End Engineer,JavaScript Developer,10.0,JavaScript programming,Frontend development,Frontend frameworks,React,Angular,DOM manipulation,AJAX,Debugging and troubleshooting troubleshooting,,,,,,,,
UX Researcher,UX Strategist,8.0,User experience strategy,User journey mapping,Design thinking,,,,,,,,,,,,,
Back-End Developer,Server Developer,4.5,Server - side programming languages,Java,Python,Database management,API development,,,,,,,,,,,
Java Developer,Java Web Application Developer,7.0,Web application development,Java web frameworks,Servlets,JSP,Frontend integration,User authentication,Security protocols,Code documentation,,,,,,,,
Digital Marketing Specialist,Social Media Manager,6.5,Social media platforms,Facebook,Twitter,Instagram,Content creation and scheduling scheduling,Social media analytics and insights insights,Community engagement,Paid social advertising,,,,,,,,
Graphic Designer,UI/UX Designer,5.5,User interface,UI design,User experience,UX design,Wireframing and prototyping prototyping tools,Sketch,Figma,Usability testing,Information architecture,Interaction design,Mobile and responsive responsive design,,,,,
Graphic Designer,UI/UX Designer,6.5,User interface,UI design,User experience,UX design,Wireframing and prototyping prototyping tools,Sketch,Figma,Usability testing,Information architecture,Interaction design,Mobile and responsive responsive design,,,,,
UX Researcher,UX Strategist,6.5,User experience strategy,User journey mapping,Design thinking,,,,,,,,,,,,,
Web Developer,Frontend Web Developer,8.0,"HTML ,","CSS ,",JavaScript,Frontend frameworks,React,Angular,User experience,UX,,,,,,,,
Market Research Analyst,Market Researcher,7.0,Market research methodologies,Data collection and analysis analysis,Industry knowledge,,,,,,,,,,,,,
Front-End Developer,UI/UX Developer,5.0,User interface,UI design,User experience,UX design,Web design principles,Prototyping and wireframing wireframing,Front - end development languages,HTML,CSS,JavaScript,Interaction design,User testing,Responsive design,Usability testing,Collaboration,Attention to detail
Accountant,Tax Accountant,8.0,Tax preparation,Tax planning,Tax regulations,Accounting,Tax software proficiency,,,,,,,,,,,
Digital Marketing Specialist,Social Media Manager,7.5,Social media platforms,Facebook,Twitter,Instagram,Content creation and scheduling scheduling,Social media analytics and insights insights,Community engagement,Paid social advertising,,,,,,,,
Architect,Sustainable Design Specialist,7.0,Sustainable design principles,Energy efficiency,LEED certification,Green building materials,Environmental impact assessment,,,,,,,,,,,
Network Administrator,Network Security Analyst,7.5,Network security protocols,Intrusion detection and prevention prevention,Security incident response,Firewall administration,Vulnerability assessment,Security policies and procedures procedures,Log analysis,Ethical hacking,Problem - solving,Communication skills,Attention to detail,,,,,
Financial Analyst,Investment Analyst,5.0,Financial analysis,Investment evaluation,Portfolio management,Data analysis,,,,,,,,,,,,
Digital Marketing Specialist,Social Media Manager,7.0,Social media platforms,Facebook,Twitter,Instagram,Content creation and scheduling scheduling,Social media analytics and insights insights,Community engagement,Paid social advertising,,,,,,,,
